"","X","p34e","p34m","pais","n","nn","Variable.x","Descripción.x","Variable.y","Descripción.y","lon","lat","perc"
"1",1,1,1001,"Honduras",1562,3,"p34m"," Aguascalientes","p34e","Aguascalientes",-102.2915677,21.8852562,0.192061459667093
"2",2,1,1001,"Guatemala",1537,3,"p34m"," Aguascalientes","p34e","Aguascalientes",-102.2915677,21.8852562,0.195185426154847
"3",3,1,1001,"El Salvador",3080,7,"p34m"," Aguascalientes","p34e","Aguascalientes",-102.2915677,21.8852562,0.227272727272727
"4",4,1,1003,"Honduras",1562,3,"p34m"," Calvillo","p34e","Aguascalientes",-102.7186454,21.8468345,0.192061459667093
"5",5,1,1003,"El Salvador",3080,1,"p34m"," Calvillo","p34e","Aguascalientes",-102.7186454,21.8468345,0.0324675324675325
"6",6,1,1006,"Guatemala",1537,1,"p34m"," Pabellón de Arteaga","p34e","Aguascalientes",-102.274822,22.144474,0.0650618087182824
"7",7,2,2001,"Honduras",1562,1,"p34m"," Ensenada","p34e","Baja California",-116.5963713,31.8667427,0.0640204865556978
"8",8,2,2001,"El Salvador",3080,1,"p34m"," Ensenada","p34e","Baja California",-116.5963713,31.8667427,0.0324675324675325
"9",9,2,2002,"Honduras",1562,10,"p34m"," Mexicali","p34e","Baja California",-115.4522623,32.6245389,0.640204865556978
"10",10,2,2002,"El Salvador",3080,5,"p34m"," Mexicali","p34e","Baja California",-115.4522623,32.6245389,0.162337662337662
"11",11,2,2002,"Guatemala",1537,3,"p34m"," Mexicali","p34e","Baja California",-115.4522623,32.6245389,0.195185426154847
"12",12,2,2004,"Honduras",1562,2,"p34m"," Tijuana","p34e","Baja California",-117.0382471,32.5149469,0.128040973111396
"13",13,2,2004,"El Salvador",3080,10,"p34m"," Tijuana","p34e","Baja California",-117.0382471,32.5149469,0.324675324675325
"14",14,2,2004,"Guatemala",1537,2,"p34m"," Tijuana","p34e","Baja California",-117.0382471,32.5149469,0.130123617436565
"15",15,4,4002,"Guatemala",1537,8,"p34m"," Campeche","p34e","Campeche",-90.5349087,19.8301251,0.520494469746259
"16",16,4,4003,"Guatemala",1537,3,"p34m"," Carmen","p34e","Campeche",-91.8074586,18.6504879,0.195185426154847
"17",17,4,4003,"El Salvador",3080,2,"p34m"," Carmen","p34e","Campeche",-91.8074586,18.6504879,0.0649350649350649
"18",18,4,4009,"El Salvador",3080,1,"p34m"," Escárcega","p34e","Campeche",-90.7390245,18.6101834,0.0324675324675325
"19",19,4,4009,"Guatemala",1537,11,"p34m"," Escárcega","p34e","Campeche",-90.7390245,18.6101834,0.715679895901106
"20",20,4,4011,"El Salvador",3080,1,"p34m"," Candelaria","p34e","Campeche",-91.0431367,18.1859294,0.0324675324675325
"21",21,5,5002,"El Salvador",3080,1,"p34m"," Acuña","p34e","Coahuila de Zaragoza",-100.9514187,29.3232963,0.0324675324675325
"22",22,5,5003,"Guatemala",1537,1,"p34m"," Allende","p34e","Coahuila de Zaragoza",-100.850791,28.3498233,0.0650618087182824
"23",23,5,5005,"El Salvador",3080,1,"p34m"," Candela","p34e","Coahuila de Zaragoza",-100.6658581,26.8388667,0.0324675324675325
"24",24,5,5006,"El Salvador",3080,1,"p34m"," Castaños","p34e","Coahuila de Zaragoza",-101.4282369,26.7856514,0.0324675324675325
"25",25,5,5017,"Guatemala",1537,1,"p34m"," Matamoros","p34e","Coahuila de Zaragoza",-103.2259525,25.5260426,0.0650618087182824
"26",26,5,5018,"El Salvador",3080,2,"p34m"," Monclova","p34e","Coahuila de Zaragoza",-101.4215236,26.9080378,0.0649350649350649
"27",27,5,5025,"Guatemala",1537,2,"p34m"," Piedras Negras","p34e","Coahuila de Zaragoza",-100.5408622,28.6916182,0.130123617436565
"28",28,5,5025,"El Salvador",3080,13,"p34m"," Piedras Negras","p34e","Coahuila de Zaragoza",-100.5408622,28.6916182,0.422077922077922
"29",29,5,5025,"Honduras",1562,22,"p34m"," Piedras Negras","p34e","Coahuila de Zaragoza",-100.5408622,28.6916182,1.40845070422535
"30",30,5,5026,"Honduras",1562,1,"p34m"," Progreso","p34e","Coahuila de Zaragoza",-100.9888507,27.4273755,0.0640204865556978
"31",31,5,5028,"Honduras",1562,2,"p34m"," Sabinas","p34e","Coahuila de Zaragoza",-101.1334267,27.8647835,0.128040973111396
"32",32,5,5030,"El Salvador",3080,25,"p34m"," Saltillo","p34e","Coahuila de Zaragoza",-100.973678,25.4383234,0.811688311688312
"33",33,5,5030,"Honduras",1562,9,"p34m"," Saltillo","p34e","Coahuila de Zaragoza",-100.973678,25.4383234,0.57618437900128
"34",34,5,5030,"Guatemala",1537,6,"p34m"," Saltillo","p34e","Coahuila de Zaragoza",-100.973678,25.4383234,0.390370852309694
"35",35,5,5035,"Honduras",1562,7,"p34m"," Torreón","p34e","Coahuila de Zaragoza",-103.4067861,25.5428443,0.448143405889885
"36",36,5,5035,"El Salvador",3080,6,"p34m"," Torreón","p34e","Coahuila de Zaragoza",-103.4067861,25.5428443,0.194805194805195
"37",37,5,5037,"Honduras",1562,1,"p34m"," Villa Unión","p34e","Coahuila de Zaragoza",-100.7255689,28.2237682,0.0640204865556978
"38",38,5,5038,"Guatemala",1537,1,"p34m"," Zaragoza","p34e","Coahuila de Zaragoza",-100.9185477,28.4943597,0.0650618087182824
"39",39,7,7001,"El Salvador",3080,1,"p34m"," Acacoyagua","p34e","Chiapas",-92.6742154,15.3400347,0.0324675324675325
"40",40,7,7001,"Guatemala",1537,2,"p34m"," Acacoyagua","p34e","Chiapas",-92.6742154,15.3400347,0.130123617436565
"41",41,7,7002,"Guatemala",1537,1,"p34m"," Acala","p34e","Chiapas",-92.8069456,16.5534979,0.0650618087182824
"42",42,7,7003,"El Salvador",3080,1,"p34m"," Acapetahua","p34e","Chiapas",-92.6902217,15.2815566,0.0324675324675325
"43",43,7,7004,"Guatemala",1537,2,"p34m"," Altamirano","p34e","Chiapas",-92.0362219,16.7342989,0.130123617436565
"44",44,7,7005,"Guatemala",1537,1,"p34m"," Amatán","p34e","Chiapas",-92.8175529,17.373333,0.0650618087182824
"45",45,7,7008,"Guatemala",1537,1,"p34m","Ángel Albino Corzo","p34e","Chiapas",-92.7235178,15.8722105,0.0650618087182824
"46",46,7,7009,"El Salvador",3080,257,"p34m"," Arriaga","p34e","Chiapas",-93.8986279,16.2371385,8.34415584415584
"47",47,7,7009,"Honduras",1562,33,"p34m"," Arriaga","p34e","Chiapas",-93.8986279,16.2371385,2.11267605633803
"48",48,7,7009,"Guatemala",1537,93,"p34m"," Arriaga","p34e","Chiapas",-93.8986279,16.2371385,6.05074821080026
"49",49,7,7011,"Guatemala",1537,2,"p34m"," Bella Vista","p34e","Chiapas",-92.2491899,15.5843927,0.130123617436565
"50",50,7,7012,"El Salvador",3080,1,"p34m"," Berriozábal","p34e","Chiapas",-93.2724023,16.7985434,0.0324675324675325
"51",51,7,7015,"El Salvador",3080,2,"p34m"," Cacahoatán","p34e","Chiapas",-92.1671288,14.9958182,0.0649350649350649
"52",52,7,7015,"Guatemala",1537,2,"p34m"," Cacahoatán","p34e","Chiapas",-92.1671288,14.9958182,0.130123617436565
"53",53,7,7017,"El Salvador",3080,1,"p34m"," Cintalapa","p34e","Chiapas",-93.7285585,16.6859535,0.0324675324675325
"54",54,7,7017,"Guatemala",1537,2,"p34m"," Cintalapa","p34e","Chiapas",-93.7285585,16.6859535,0.130123617436565
"55",55,7,7019,"El Salvador",3080,41,"p34m"," Comitán de Domínguez","p34e","Chiapas",-92.1155691,16.2299602,1.33116883116883
"56",56,7,7019,"Honduras",1562,2,"p34m"," Comitán de Domínguez","p34e","Chiapas",-92.1155691,16.2299602,0.128040973111396
"57",57,7,7019,"Guatemala",1537,6,"p34m"," Comitán de Domínguez","p34e","Chiapas",-92.1155691,16.2299602,0.390370852309694
"58",58,7,7027,"Honduras",1562,3,"p34m"," Chiapa de Corzo","p34e","Chiapas",-93.0195034,16.7252784,0.192061459667093
"59",59,7,7027,"El Salvador",3080,32,"p34m"," Chiapa de Corzo","p34e","Chiapas",-93.0195034,16.7252784,1.03896103896104
"60",60,7,7027,"Guatemala",1537,4,"p34m"," Chiapa de Corzo","p34e","Chiapas",-93.0195034,16.7252784,0.26024723487313
"61",61,7,7032,"Guatemala",1537,14,"p34m"," Escuintla","p34e","Chiapas",-92.6586163,15.3232503,0.910865322055953
"62",62,7,7032,"Honduras",1562,1,"p34m"," Escuintla","p34e","Chiapas",-92.6586163,15.3232503,0.0640204865556978
"63",63,7,7034,"Guatemala",1537,97,"p34m"," Frontera Comalapa","p34e","Chiapas",-92.1425385,15.6604331,6.31099544567339
"64",64,7,7034,"El Salvador",3080,9,"p34m"," Frontera Comalapa","p34e","Chiapas",-92.1425385,15.6604331,0.292207792207792
"65",65,7,7035,"Guatemala",1537,1,"p34m"," Frontera Hidalgo","p34e","Chiapas",-92.178185,14.779144,0.0650618087182824
"66",66,7,7037,"El Salvador",3080,2,"p34m"," Huehuetán","p34e","Chiapas",-92.3890843,15.0163243,0.0649350649350649
"67",67,7,7037,"Honduras",1562,4,"p34m"," Huehuetán","p34e","Chiapas",-92.3890843,15.0163243,0.256081946222791
"68",68,7,7037,"Guatemala",1537,24,"p34m"," Huehuetán","p34e","Chiapas",-92.3890843,15.0163243,1.56148340923878
"69",69,7,7038,"Honduras",1562,1,"p34m"," Huixtán","p34e","Chiapas",-92.4534661,16.7106573,0.0640204865556978
"70",70,7,7038,"El Salvador",3080,6,"p34m"," Huixtán","p34e","Chiapas",-92.4534661,16.7106573,0.194805194805195
"71",71,7,7038,"Guatemala",1537,1,"p34m"," Huixtán","p34e","Chiapas",-92.4534661,16.7106573,0.0650618087182824
"72",72,7,7039,"El Salvador",3080,1,"p34m"," Huitiupán","p34e","Chiapas",-92.6849015,17.1715057,0.0324675324675325
"73",73,7,7040,"Guatemala",1537,36,"p34m"," Huixtla","p34e","Chiapas",-92.4659189,15.137663,2.34222511385817
"74",74,7,7040,"El Salvador",3080,88,"p34m"," Huixtla","p34e","Chiapas",-92.4659189,15.137663,2.85714285714286
"75",75,7,7040,"Honduras",1562,6,"p34m"," Huixtla","p34e","Chiapas",-92.4659189,15.137663,0.384122919334187
"76",76,7,7046,"Guatemala",1537,1,"p34m"," Jiquipilas","p34e","Chiapas",-93.6478924,16.6740205,0.0650618087182824
"77",77,7,7050,"Guatemala",1537,1,"p34m"," La Libertad","p34e","Chiapas",-91.7190274,17.6891622,0.0650618087182824
"78",78,7,7051,"Honduras",1562,1,"p34m"," Mapastepec","p34e","Chiapas",-92.8949959,15.4414006,0.0640204865556978
"79",79,7,7051,"Guatemala",1537,4,"p34m"," Mapastepec","p34e","Chiapas",-92.8949959,15.4414006,0.26024723487313
"80",80,7,7051,"El Salvador",3080,12,"p34m"," Mapastepec","p34e","Chiapas",-92.8949959,15.4414006,0.38961038961039
"81",81,7,7052,"El Salvador",3080,1,"p34m"," Las Margaritas","p34e","Chiapas",-91.9879122,16.3154625,0.0324675324675325
"82",82,7,7052,"Guatemala",1537,3,"p34m"," Las Margaritas","p34e","Chiapas",-91.9879122,16.3154625,0.195185426154847
"83",83,7,7054,"El Salvador",3080,1,"p34m"," Mazatán","p34e","Chiapas",-92.4484474,14.8613859,0.0324675324675325
"84",84,7,7055,"Guatemala",1537,1,"p34m"," Metapa","p34e","Chiapas",-92.1884921,14.8404499,0.0650618087182824
"85",85,7,7057,"Honduras",1562,1,"p34m"," Motozintla","p34e","Chiapas",-92.2458096,15.3691977,0.0640204865556978
"86",86,7,7057,"Guatemala",1537,2,"p34m"," Motozintla","p34e","Chiapas",-92.2458096,15.3691977,0.130123617436565
"87",87,7,7058,"Guatemala",1537,1,"p34m"," Nicolás Ruíz","p34e","Chiapas",-92.5830217,16.438305,0.0650618087182824
"88",88,7,7059,"Guatemala",1537,2,"p34m"," Ocosingo","p34e","Chiapas",-92.0943351,16.9087258,0.130123617436565
"89",89,7,7061,"Guatemala",1537,2,"p34m"," Ocozocoautla de Espinosa","p34e","Chiapas",-93.3739498,16.7581009,0.130123617436565
"90",90,7,7065,"Honduras",1562,187,"p34m"," Palenque","p34e","Chiapas",-91.9872616,17.5229209,11.9718309859155
"91",91,7,7065,"Guatemala",1537,76,"p34m"," Palenque","p34e","Chiapas",-91.9872616,17.5229209,4.94469746258946
"92",92,7,7065,"El Salvador",3080,113,"p34m"," Palenque","p34e","Chiapas",-91.9872616,17.5229209,3.66883116883117
"93",93,7,7069,"Honduras",1562,7,"p34m"," Pijijiapan","p34e","Chiapas",-93.2122536,15.6851709,0.448143405889885
"94",94,7,7069,"Guatemala",1537,12,"p34m"," Pijijiapan","p34e","Chiapas",-93.2122536,15.6851709,0.780741704619388
"95",95,7,7069,"El Salvador",3080,50,"p34m"," Pijijiapan","p34e","Chiapas",-93.2122536,15.6851709,1.62337662337662
"96",96,7,7070,"El Salvador",3080,1,"p34m"," El Porvenir","p34e","Chiapas",-92.281427,15.4575357,0.0324675324675325
"97",97,7,7071,"Guatemala",1537,2,"p34m"," Villa Comaltitlán","p34e","Chiapas",-92.5762346,15.2127239,0.130123617436565
"98",98,7,7074,"El Salvador",3080,1,"p34m"," Reforma","p34e","Chiapas",-93.1547842,17.8578141,0.0324675324675325
"99",99,7,7078,"Guatemala",1537,12,"p34m"," San Cristóbal de las Casas","p34e","Chiapas",-92.6375988,16.7369928,0.780741704619388
"100",100,7,7078,"El Salvador",3080,7,"p34m"," San Cristóbal de las Casas","p34e","Chiapas",-92.6375988,16.7369928,0.227272727272727
"101",101,7,7078,"Honduras",1562,2,"p34m"," San Cristóbal de las Casas","p34e","Chiapas",-92.6375988,16.7369928,0.128040973111396
"102",102,7,7087,"Guatemala",1537,14,"p34m"," Suchiate","p34e","Chiapas",-92.1536474,14.6783852,0.910865322055953
"103",103,7,7089,"El Salvador",3080,297,"p34m"," Tapachula","p34e","Chiapas",-92.2634206,14.9055599,9.64285714285714
"104",104,7,7089,"Guatemala",1537,230,"p34m"," Tapachula","p34e","Chiapas",-92.2634206,14.9055599,14.9642160052049
"105",105,7,7089,"Honduras",1562,65,"p34m"," Tapachula","p34e","Chiapas",-92.2634206,14.9055599,4.16133162612036
"106",106,7,7090,"Guatemala",1537,1,"p34m"," Tapalapa","p34e","Chiapas",-93.1046141,17.1898377,0.0650618087182824
"107",107,7,7097,"Guatemala",1537,6,"p34m"," Tonalá","p34e","Chiapas",-93.7612856,16.0869461,0.390370852309694
"108",108,7,7097,"Honduras",1562,4,"p34m"," Tonalá","p34e","Chiapas",-93.7612856,16.0869461,0.256081946222791
"109",109,7,7097,"El Salvador",3080,26,"p34m"," Tonalá","p34e","Chiapas",-93.7612856,16.0869461,0.844155844155844
"110",110,7,7099,"Guatemala",1537,2,"p34m"," La Trinitaria","p34e","Chiapas",-92.0518154,16.1188865,0.130123617436565
"111",111,7,7099,"El Salvador",3080,1,"p34m"," La Trinitaria","p34e","Chiapas",-92.0518154,16.1188865,0.0324675324675325
"112",112,7,7101,"Honduras",1562,35,"p34m"," Tuxtla Gutiérrez","p34e","Chiapas",-93.1029939,16.7516009,2.24071702944942
"113",113,7,7101,"El Salvador",3080,280,"p34m"," Tuxtla Gutiérrez","p34e","Chiapas",-93.1029939,16.7516009,9.09090909090909
"114",114,7,7101,"Guatemala",1537,74,"p34m"," Tuxtla Gutiérrez","p34e","Chiapas",-93.1029939,16.7516009,4.8145738451529
"115",115,7,7102,"Guatemala",1537,4,"p34m"," Tuxtla Chico","p34e","Chiapas",-92.1676055,14.9367468,0.26024723487313
"116",116,7,7102,"El Salvador",3080,1,"p34m"," Tuxtla Chico","p34e","Chiapas",-92.1676055,14.9367468,0.0324675324675325
"117",117,7,7106,"Guatemala",1537,1,"p34m"," Venustiano Carranza","p34e","Chiapas",-92.5621461,16.3386834,0.0650618087182824
"118",118,7,7107,"El Salvador",3080,1,"p34m"," Villa Corzo","p34e","Chiapas",-93.2674373,16.1818345,0.0324675324675325
"119",119,7,7115,"Guatemala",1537,1,"p34m"," Maravilla Tenejapa","p34e","Chiapas",-91.2927151,16.1409664,0.0650618087182824
"120",120,7,7117,"Guatemala",1537,1,"p34m"," Montecristo de Guerrero","p34e","Chiapas",-92.6201678,15.691634,0.0650618087182824
"121",121,8,8002,"El Salvador",3080,1,"p34m"," Aldama","p34e","Chihuahua",-105.9288641,28.8370715,0.0324675324675325
"122",122,8,8011,"Guatemala",1537,2,"p34m"," Camargo","p34e","Chihuahua",-105.166953,27.6763786,0.130123617436565
"123",123,8,8011,"Honduras",1562,1,"p34m"," Camargo","p34e","Chihuahua",-105.166953,27.6763786,0.0640204865556978
"124",124,8,8019,"Guatemala",1537,10,"p34m"," Chihuahua","p34e","Chihuahua",-106.0691004,28.6329957,0.650618087182824
"125",125,8,8019,"El Salvador",3080,7,"p34m"," Chihuahua","p34e","Chihuahua",-106.0691004,28.6329957,0.227272727272727
"126",126,8,8019,"Honduras",1562,3,"p34m"," Chihuahua","p34e","Chihuahua",-106.0691004,28.6329957,0.192061459667093
"127",127,8,8024,"El Salvador",3080,1,"p34m"," Santa Isabel","p34e","Chihuahua",-106.3664096,28.3430077,0.0324675324675325
"128",128,8,8032,"Guatemala",1537,1,"p34m"," Hidalgo del Parral","p34e","Chihuahua",-105.6666166,26.9317835,0.0650618087182824
"129",129,8,8035,"Guatemala",1537,1,"p34m"," Janos","p34e","Chihuahua",-108.1924159,30.8889327,0.0650618087182824
"130",130,8,8037,"El Salvador",3080,1,"p34m"," Juárez","p34e","Chihuahua",-106.4245478,31.6903638,0.0324675324675325
"131",131,8,8037,"Guatemala",1537,3,"p34m"," Juárez","p34e","Chihuahua",-106.4245478,31.6903638,0.195185426154847
"132",132,9,9002,"Guatemala",1537,9,"p34m"," Azcapotzalco","p34e","Distrito Federal",-99.1886749,19.4846606,0.585556278464541
"133",133,9,9002,"El Salvador",3080,1,"p34m"," Azcapotzalco","p34e","Distrito Federal",-99.1886749,19.4846606,0.0324675324675325
"134",134,9,9002,"Honduras",1562,19,"p34m"," Azcapotzalco","p34e","Distrito Federal",-99.1886749,19.4846606,1.21638924455826
"135",135,9,9003,"El Salvador",3080,68,"p34m"," Coyoacán","p34e","Distrito Federal",-99.1561883,19.3437444,2.20779220779221
"136",136,9,9003,"Honduras",1562,14,"p34m"," Coyoacán","p34e","Distrito Federal",-99.1561883,19.3437444,0.89628681177977
"137",137,9,9003,"Guatemala",1537,2,"p34m"," Coyoacán","p34e","Distrito Federal",-99.1561883,19.3437444,0.130123617436565
"138",138,9,9006,"El Salvador",3080,9,"p34m"," Iztacalco","p34e","Distrito Federal",-99.0976808,19.3948036,0.292207792207792
"139",139,9,9007,"Honduras",1562,2,"p34m"," Iztapalapa","p34e","Distrito Federal",-99.0532159,19.342083,0.128040973111396
"140",140,9,9008,"Honduras",1562,1,"p34m"," La Magdalena Contreras","p34e","Distrito Federal",-99.2425886,19.3149641,0.0640204865556978
"141",141,9,9009,"Guatemala",1537,1,"p34m"," Milpa Alta","p34e","Distrito Federal",-99.0267076,19.1942041,0.0650618087182824
"142",142,9,9009,"El Salvador",3080,1,"p34m"," Milpa Alta","p34e","Distrito Federal",-99.0267076,19.1942041,0.0324675324675325
"143",143,9,9010,"Honduras",1562,13,"p34m","Álvaro Obregón","p34e","Distrito Federal",-99.2267067,19.3605334,0.832266325224072
"144",144,9,9010,"Guatemala",1537,7,"p34m","Álvaro Obregón","p34e","Distrito Federal",-99.2267067,19.3605334,0.455432661027977
"145",145,9,9010,"El Salvador",3080,13,"p34m","Álvaro Obregón","p34e","Distrito Federal",-99.2267067,19.3605334,0.422077922077922
"146",146,9,9012,"Guatemala",1537,1,"p34m"," Tlalpan","p34e","Distrito Federal",-99.2114234,19.2790911,0.0650618087182824
"147",147,9,9012,"El Salvador",3080,1,"p34m"," Tlalpan","p34e","Distrito Federal",-99.2114234,19.2790911,0.0324675324675325
"148",148,9,9013,"El Salvador",3080,1,"p34m"," Xochimilco","p34e","Distrito Federal",-99.1029664,19.2572314,0.0324675324675325
"149",149,9,9014,"Honduras",1562,13,"p34m"," Benito Juárez","p34e","Distrito Federal",-99.1591446,19.3794059,0.832266325224072
"150",150,9,9014,"Guatemala",1537,8,"p34m"," Benito Juárez","p34e","Distrito Federal",-99.1591446,19.3794059,0.520494469746259
"151",151,9,9014,"El Salvador",3080,30,"p34m"," Benito Juárez","p34e","Distrito Federal",-99.1591446,19.3794059,0.974025974025974
"152",152,9,9015,"Guatemala",1537,1,"p34m"," Cuauhtémoc","p34e","Distrito Federal",-99.1495107,19.4356338,0.0650618087182824
"153",153,9,9016,"El Salvador",3080,1,"p34m"," Miguel Hidalgo","p34e","Distrito Federal",-99.2083953,19.4306575,0.0324675324675325
"154",154,9,9017,"El Salvador",3080,1,"p34m"," Venustiano Carranza","p34e","Distrito Federal",-99.0949899,19.4306069,0.0324675324675325
"155",155,10,10005,"El Salvador",3080,4,"p34m"," Durango","p34e","Durango",-104.6531759,24.0277202,0.12987012987013
"156",156,10,10005,"Guatemala",1537,1,"p34m"," Durango","p34e","Durango",-104.6531759,24.0277202,0.0650618087182824
"157",157,10,10023,"El Salvador",3080,4,"p34m"," Pueblo Nuevo","p34e","Durango",-105.3615134,23.7820021,0.12987012987013
"158",158,11,11001,"El Salvador",3080,4,"p34m"," Abasolo","p34e","Guanajuato",-101.5269589,20.4536351,0.12987012987013
"159",159,11,11003,"Honduras",1562,1,"p34m"," Allende","p34e","Guanajuato",-100.7471322,20.9003994,0.0640204865556978
"160",160,11,11007,"Honduras",1562,10,"p34m"," Celaya","p34e","Guanajuato",-100.8112885,20.5279612,0.640204865556978
"161",161,11,11007,"El Salvador",3080,58,"p34m"," Celaya","p34e","Guanajuato",-100.8112885,20.5279612,1.88311688311688
"162",162,11,11009,"El Salvador",3080,1,"p34m"," Comonfort","p34e","Guanajuato",-100.7596892,20.7197856,0.0324675324675325
"163",163,11,11015,"Guatemala",1537,1,"p34m"," Guanajuato","p34e","Guanajuato",-101.2573586,21.0190145,0.0650618087182824
"164",164,11,11015,"El Salvador",3080,16,"p34m"," Guanajuato","p34e","Guanajuato",-101.2573586,21.0190145,0.519480519480519
"165",165,11,11017,"Honduras",1562,3,"p34m"," Irapuato","p34e","Guanajuato",-101.3544964,20.6786652,0.192061459667093
"166",166,11,11020,"Guatemala",1537,1,"p34m"," León","p34e","Guanajuato",-101.6859605,21.1250077,0.0650618087182824
"167",167,11,11020,"El Salvador",3080,2,"p34m"," León","p34e","Guanajuato",-101.6859605,21.1250077,0.0649350649350649
"168",168,11,11023,"El Salvador",3080,1,"p34m"," Pénjamo","p34e","Guanajuato",-101.724058,20.4313532,0.0324675324675325
"169",169,11,11026,"El Salvador",3080,1,"p34m"," Romita","p34e","Guanajuato",-101.5168556,20.8708929,0.0324675324675325
"170",170,11,11046,"El Salvador",3080,1,"p34m"," Yuriria","p34e","Guanajuato",-101.1265968,20.2125571,0.0324675324675325
"171",171,12,12001,"Guatemala",1537,1,"p34m"," Acapulco de Juárez","p34e","Guerrero",-99.8236533,16.8531086,0.0650618087182824
"172",172,12,12001,"Honduras",1562,1,"p34m"," Acapulco de Juárez","p34e","Guerrero",-99.8236533,16.8531086,0.0640204865556978
"173",173,12,12001,"El Salvador",3080,6,"p34m"," Acapulco de Juárez","p34e","Guerrero",-99.8236533,16.8531086,0.194805194805195
"174",174,12,12007,"El Salvador",3080,4,"p34m"," Arcelia","p34e","Guerrero",-100.2851493,18.3151454,0.12987012987013
"175",175,12,12061,"El Salvador",3080,1,"p34m"," Tixtla de Guerrero","p34e","Guerrero",-99.3995924,17.567656,0.0324675324675325
"176",176,12,12076,"Guatemala",1537,1,"p34m"," Acatepec","p34e","Guerrero",-98.9038904,17.3280426,0.0650618087182824
"177",177,13,13001,"Guatemala",1537,1,"p34m"," Acatlán","p34e","Hidalgo",-98.4410429,20.1453958,0.0650618087182824
"178",178,13,13003,"El Salvador",3080,1,"p34m"," Actopan","p34e","Hidalgo",-98.9521357,20.2743499,0.0324675324675325
"179",179,13,13008,"El Salvador",3080,2,"p34m"," Apan","p34e","Hidalgo",-98.45407,19.711382,0.0649350649350649
"180",180,13,13048,"Honduras",1562,2,"p34m"," Pachuca de Soto","p34e","Hidalgo",-98.7591311,20.1010608,0.128040973111396
"181",181,13,13048,"Guatemala",1537,1,"p34m"," Pachuca de Soto","p34e","Hidalgo",-98.7591311,20.1010608,0.0650618087182824
"182",182,13,13050,"El Salvador",3080,1,"p34m"," Progreso de Obregón","p34e","Hidalgo",-99.1879237,20.2478709,0.0324675324675325
"183",183,13,13054,"El Salvador",3080,1,"p34m"," San Salvador","p34e","Hidalgo",-99.0156554,20.2858434,0.0324675324675325
"184",184,13,13058,"El Salvador",3080,1,"p34m"," Tasquillo","p34e","Hidalgo",-99.31237,20.5466657,0.0324675324675325
"185",185,13,13081,"El Salvador",3080,1,"p34m"," Zacualtipán de Ángeles","p34e","Hidalgo",-98.6576724,20.6485245,0.0324675324675325
"186",186,14,14002,"Honduras",1562,2,"p34m"," Acatlán de Juárez","p34e","Jalisco",-103.5928664,20.4216103,0.128040973111396
"187",187,14,14006,"El Salvador",3080,2,"p34m"," Ameca","p34e","Jalisco",-104.0466547,20.5476292,0.0649350649350649
"188",188,14,14039,"Guatemala",1537,5,"p34m"," Guadalajara","p34e","Jalisco",-103.3496092,20.6596988,0.325309043591412
"189",189,14,14039,"Honduras",1562,3,"p34m"," Guadalajara","p34e","Jalisco",-103.3496092,20.6596988,0.192061459667093
"190",190,14,14039,"El Salvador",3080,6,"p34m"," Guadalajara","p34e","Jalisco",-103.3496092,20.6596988,0.194805194805195
"191",191,15,15002,"Guatemala",1537,1,"p34m"," Acolman","p34e","México",-98.9107373,19.6420614,0.0650618087182824
"192",192,15,15003,"Guatemala",1537,5,"p34m"," Aculco","p34e","México",-99.8275861,20.0985989,0.325309043591412
"193",193,15,15003,"El Salvador",3080,1,"p34m"," Aculco","p34e","México",-99.8275861,20.0985989,0.0324675324675325
"194",194,15,15005,"Guatemala",1537,4,"p34m"," Almoloya de Juárez","p34e","México",-99.7605116,19.3690064,0.26024723487313
"195",195,15,15006,"Guatemala",1537,1,"p34m"," Almoloya del Río","p34e","México",-99.4867182,19.1591667,0.0650618087182824
"196",196,15,15008,"El Salvador",3080,1,"p34m"," Amatepec","p34e","México",-100.1872135,18.6849,0.0324675324675325
"197",197,15,15009,"El Salvador",3080,1,"p34m"," Amecameca","p34e","México",-98.7671131,19.1252361,0.0324675324675325
"198",198,15,15018,"Honduras",1562,1,"p34m"," Calimaya","p34e","México",-99.6178249,19.1617587,0.0640204865556978
"199",199,15,15025,"Guatemala",1537,2,"p34m"," Chalco","p34e","México",-98.8969427,19.26244,0.130123617436565
"200",200,15,15033,"El Salvador",3080,2,"p34m"," Ecatepec de Morelos","p34e","México",-99.0506744,19.601841,0.0649350649350649
"201",201,15,15035,"Honduras",1562,3,"p34m"," Huehuetoca","p34e","México",-99.2037508,19.8277305,0.192061459667093
"202",202,15,15036,"El Salvador",3080,1,"p34m"," Hueypoxtla","p34e","México",-99.0754477,19.9115819,0.0324675324675325
"203",203,15,15040,"El Salvador",3080,1,"p34m"," Ixtapan de la Sal","p34e","México",-99.6760096,18.8390501,0.0324675324675325
"204",204,15,15052,"Guatemala",1537,1,"p34m"," Malinalco","p34e","México",-99.4935798,18.9483917,0.0650618087182824
"205",205,15,15060,"El Salvador",3080,1,"p34m"," Nicolás Romero","p34e","México",-99.3001181,19.6162033,0.0324675324675325
"206",206,15,15070,"El Salvador",3080,1,"p34m"," La Paz","p34e","México",-110.3127531,24.1426408,0.0324675324675325
"207",207,15,15076,"El Salvador",3080,1,"p34m"," San Mateo Atenco","p34e","México",-99.5324296,19.2630031,0.0324675324675325
"208",208,15,15100,"Honduras",1562,3,"p34m"," Tezoyuca","p34e","México",-98.913064,19.5918565,0.192061459667093
"209",209,15,15100,"El Salvador",3080,4,"p34m"," Tezoyuca","p34e","México",-98.913064,19.5918565,0.12987012987013
"210",210,15,15108,"El Salvador",3080,1,"p34m"," Tultepec","p34e","México",-99.1260866,19.6860054,0.0324675324675325
"211",211,15,15109,"El Salvador",3080,1,"p34m"," Tultitlán","p34e","México",-99.1668646,19.6392125,0.0324675324675325
"212",212,15,15121,"Guatemala",1537,1,"p34m"," Cuautitlán Izcalli","p34e","México",-99.2231387,19.6528089,0.0650618087182824
"213",213,16,16053,"Guatemala",1537,1,"p34m"," Morelia","p34e","Michoacán de Ocampo",-101.1949825,19.7059504,0.0650618087182824
"214",214,17,17001,"Guatemala",1537,1,"p34m"," Amacuzac","p34e","Morelos",-99.3700834,18.6004449,0.0650618087182824
"215",215,17,17007,"El Salvador",3080,1,"p34m"," Cuernavaca","p34e","Morelos",-99.2215659,18.9242095,0.0324675324675325
"216",216,18,18017,"Honduras",1562,1,"p34m"," Tepic","p34e","Nayarit",-104.8945887,21.5041651,0.0640204865556978
"217",217,18,18017,"El Salvador",3080,1,"p34m"," Tepic","p34e","Nayarit",-104.8945887,21.5041651,0.0324675324675325
"218",218,18,18017,"Guatemala",1537,1,"p34m"," Tepic","p34e","Nayarit",-104.8945887,21.5041651,0.0650618087182824
"219",219,19,19005,"El Salvador",3080,1,"p34m"," Anáhuac","p34e","Nuevo León",-100.1334335,27.2411648,0.0324675324675325
"220",220,19,19010,"El Salvador",3080,1,"p34m"," Carmen","p34e","Nuevo León",-100.3638252,25.9375976,0.0324675324675325
"221",221,19,19018,"Guatemala",1537,2,"p34m"," García","p34e","Nuevo León",-100.5861995,25.801032,0.130123617436565
"222",222,19,19021,"El Salvador",3080,1,"p34m"," General Escobedo","p34e","Nuevo León",-100.3122083,25.8002233,0.0324675324675325
"223",223,19,19033,"El Salvador",3080,3,"p34m"," Linares","p34e","Nuevo León",-99.5617847,24.8639494,0.0974025974025974
"224",224,19,19038,"El Salvador",3080,1,"p34m"," Montemorelos","p34e","Nuevo León",-99.8363028,25.1889176,0.0324675324675325
"225",225,19,19039,"Guatemala",1537,46,"p34m"," Monterrey","p34e","Nuevo León",-100.3161126,25.6866142,2.99284320104099
"226",226,19,19039,"El Salvador",3080,267,"p34m"," Monterrey","p34e","Nuevo León",-100.3161126,25.6866142,8.66883116883117
"227",227,19,19039,"Honduras",1562,99,"p34m"," Monterrey","p34e","Nuevo León",-100.3161126,25.6866142,6.33802816901408
"228",228,20,20001,"Guatemala",1537,7,"p34m"," Abejones","p34e","Oaxaca",-96.6097101,17.4372788,0.455432661027977
"229",229,20,20002,"Honduras",1562,1,"p34m"," Acatlán de Pérez Figueroa","p34e","Oaxaca",-96.6053164,18.5375878,0.0640204865556978
"230",230,20,20002,"Guatemala",1537,1,"p34m"," Acatlán de Pérez Figueroa","p34e","Oaxaca",-96.6053164,18.5375878,0.0650618087182824
"231",231,20,20007,"El Salvador",3080,1,"p34m"," Asunción Ocotlán","p34e","Oaxaca",-96.7206091,16.7601499,0.0324675324675325
"232",232,20,20007,"Guatemala",1537,4,"p34m"," Asunción Ocotlán","p34e","Oaxaca",-96.7206091,16.7601499,0.26024723487313
"233",233,20,20014,"El Salvador",3080,104,"p34m"," Ciudad Ixtepec","p34e","Oaxaca",-95.0963141,16.5611267,3.37662337662338
"234",234,20,20014,"Honduras",1562,43,"p34m"," Ciudad Ixtepec","p34e","Oaxaca",-95.0963141,16.5611267,2.75288092189501
"235",235,20,20014,"Guatemala",1537,4,"p34m"," Ciudad Ixtepec","p34e","Oaxaca",-95.0963141,16.5611267,0.26024723487313
"236",236,20,20025,"Guatemala",1537,1,"p34m"," Chahuites","p34e","Oaxaca",-94.1929799,16.2865309,0.0650618087182824
"237",237,20,20025,"Honduras",1562,2,"p34m"," Chahuites","p34e","Oaxaca",-94.1929799,16.2865309,0.128040973111396
"238",238,20,20025,"El Salvador",3080,2,"p34m"," Chahuites","p34e","Oaxaca",-94.1929799,16.2865309,0.0649350649350649
"239",239,20,20030,"Guatemala",1537,1,"p34m"," El Espinal","p34e","Oaxaca",-95.0364522,16.4832743,0.0650618087182824
"240",240,20,20037,"Honduras",1562,1,"p34m"," Mesones Hidalgo","p34e","Oaxaca",-97.9671256,16.9135489,0.0640204865556978
"241",241,20,20043,"El Salvador",3080,1,"p34m"," Juchitán de Zaragoza","p34e","Oaxaca",-95.0221197,16.4406909,0.0324675324675325
"242",242,20,20043,"Guatemala",1537,3,"p34m"," Juchitán de Zaragoza","p34e","Oaxaca",-95.0221197,16.4406909,0.195185426154847
"243",243,20,20057,"El Salvador",3080,1,"p34m"," Matías Romero","p34e","Oaxaca",-95.0442567,16.8681196,0.0324675324675325
"244",244,20,20057,"Honduras",1562,1,"p34m"," Matías Romero","p34e","Oaxaca",-95.0442567,16.8681196,0.0640204865556978
"245",245,20,20067,"El Salvador",3080,6,"p34m"," Oaxaca de Juárez","p34e","Oaxaca",-96.7265889,17.0731842,0.194805194805195
"246",246,20,20067,"Guatemala",1537,50,"p34m"," Oaxaca de Juárez","p34e","Oaxaca",-96.7265889,17.0731842,3.25309043591412
"247",247,20,20067,"Honduras",1562,6,"p34m"," Oaxaca de Juárez","p34e","Oaxaca",-96.7265889,17.0731842,0.384122919334187
"248",248,20,20076,"Guatemala",1537,1,"p34m"," La Reforma","p34e","Oaxaca",-97.846607,16.6240684,0.0650618087182824
"249",249,20,20076,"Honduras",1562,1,"p34m"," La Reforma","p34e","Oaxaca",-97.846607,16.6240684,0.0640204865556978
"250",250,20,20079,"El Salvador",3080,3,"p34m"," Salina Cruz","p34e","Oaxaca",-95.2087625,16.1842839,0.0974025974025974
"251",251,20,20327,"El Salvador",3080,1,"p34m"," San Pedro Tapanatepec","p34e","Oaxaca",-94.1944784,16.3693859,0.0324675324675325
"252",252,20,20327,"Honduras",1562,1,"p34m"," San Pedro Tapanatepec","p34e","Oaxaca",-94.1944784,16.3693859,0.0640204865556978
"253",253,20,20549,"El Salvador",3080,2,"p34m"," Tezoatlán de Segura y Luna","p34e","Oaxaca",-97.8094397,17.6526298,0.0649350649350649
"254",254,21,21001,"El Salvador",3080,22,"p34m"," Acajete","p34e","Puebla",-97.9522432,19.1061301,0.714285714285714
"255",255,21,21001,"Guatemala",1537,9,"p34m"," Acajete","p34e","Puebla",-97.9522432,19.1061301,0.585556278464541
"256",256,21,21002,"Guatemala",1537,1,"p34m"," Acateno","p34e","Puebla",-97.210865,20.1307737,0.0650618087182824
"257",257,21,21002,"El Salvador",3080,1,"p34m"," Acateno","p34e","Puebla",-97.210865,20.1307737,0.0324675324675325
"258",258,21,21003,"Guatemala",1537,2,"p34m"," Acatlán","p34e","Puebla",-98.0498107,18.2031928,0.130123617436565
"259",259,21,21003,"Honduras",1562,2,"p34m"," Acatlán","p34e","Puebla",-98.0498107,18.2031928,0.128040973111396
"260",260,21,21008,"El Salvador",3080,1,"p34m"," Ahuazotepec","p34e","Puebla",-98.1618209,20.044323,0.0324675324675325
"261",261,21,21010,"Guatemala",1537,1,"p34m"," Ajalpan","p34e","Puebla",-97.2591254,18.3781582,0.0650618087182824
"262",262,21,21013,"El Salvador",3080,1,"p34m"," Altepexi","p34e","Puebla",-97.2982224,18.3693599,0.0324675324675325
"263",263,21,21015,"El Salvador",3080,2,"p34m"," Amozoc","p34e","Puebla",-98.0437894,19.043829,0.0649350649350649
"264",264,21,21027,"Guatemala",1537,1,"p34m"," Caltepec","p34e","Puebla",-97.4793291,18.1822552,0.0650618087182824
"265",265,21,21043,"El Salvador",3080,2,"p34m"," Cuetzalan del Progreso","p34e","Puebla",-97.5233705,20.0176353,0.0649350649350649
"266",266,21,21083,"Guatemala",1537,1,"p34m"," Ixtacamaxtitlán","p34e","Puebla",-97.8149036,19.6223314,0.0650618087182824
"267",267,21,21083,"El Salvador",3080,2,"p34m"," Ixtacamaxtitlán","p34e","Puebla",-97.8149036,19.6223314,0.0649350649350649
"268",268,21,21085,"El Salvador",3080,1,"p34m"," Izúcar de Matamoros","p34e","Puebla",-98.4677851,18.5991249,0.0324675324675325
"269",269,21,21114,"El Salvador",3080,57,"p34m"," Puebla","p34e","Puebla",-98.2062727,19.0414398,1.85064935064935
"270",270,21,21114,"Honduras",1562,35,"p34m"," Puebla","p34e","Puebla",-98.2062727,19.0414398,2.24071702944942
"271",271,21,21114,"Guatemala",1537,55,"p34m"," Puebla","p34e","Puebla",-98.2062727,19.0414398,3.57839947950553
"272",272,21,21123,"Honduras",1562,1,"p34m"," San Felipe Tepatlán","p34e","Puebla",-97.7966913,20.0908398,0.0640204865556978
"273",273,21,21132,"Honduras",1562,2,"p34m"," San Martín Texmelucan","p34e","Puebla",-98.434873,19.284383,0.128040973111396
"274",274,21,21156,"Honduras",1562,5,"p34m"," Tehuacán","p34e","Puebla",-97.4003801,18.4665063,0.320102432778489
"275",275,21,21156,"El Salvador",3080,7,"p34m"," Tehuacán","p34e","Puebla",-97.4003801,18.4665063,0.227272727272727
"276",276,21,21175,"Guatemala",1537,1,"p34m"," Tianguismanalco","p34e","Puebla",-98.4622987,19.0177302,0.0650618087182824
"277",277,21,21206,"Guatemala",1537,1,"p34m"," Zacapala","p34e","Puebla",-98.065042,18.5925316,0.0650618087182824
"278",278,22,22005,"El Salvador",3080,1,"p34m"," Colón","p34e","Querétaro",-100.0509673,20.7812807,0.0324675324675325
"279",279,22,22005,"Guatemala",1537,2,"p34m"," Colón","p34e","Querétaro",-100.0509673,20.7812807,0.130123617436565
"280",280,22,22006,"El Salvador",3080,1,"p34m"," Corregidora","p34e","Querétaro",-100.4462861,20.5334645,0.0324675324675325
"281",281,22,22011,"El Salvador",3080,2,"p34m"," El Marqués","p34e","Querétaro",-100.3288581,20.6113606,0.0649350649350649
"282",282,22,22014,"El Salvador",3080,11,"p34m"," Querétaro","p34e","Querétaro",-100.3898881,20.5887932,0.357142857142857
"283",283,22,22014,"Guatemala",1537,22,"p34m"," Querétaro","p34e","Querétaro",-100.3898881,20.5887932,1.43135979180221
"284",284,22,22014,"Honduras",1562,5,"p34m"," Querétaro","p34e","Querétaro",-100.3898881,20.5887932,0.320102432778489
"285",285,22,22016,"Honduras",1562,2,"p34m"," San Juan del Río","p34e","Querétaro",-99.9856344,20.3951106,0.128040973111396
"286",286,22,22016,"El Salvador",3080,2,"p34m"," San Juan del Río","p34e","Querétaro",-99.9856344,20.3951106,0.0649350649350649
"287",287,23,23002,"Guatemala",1537,1,"p34m"," Felipe Carrillo Puerto","p34e","Quintana Roo",-88.0440957,19.5803342,0.0650618087182824
"288",288,23,23004,"Guatemala",1537,1,"p34m"," Othón P. Blanco","p34e","Quintana Roo",-88.2961077,18.500249,0.0650618087182824
"289",289,23,23005,"Guatemala",1537,8,"p34m"," Benito Juárez","p34e","Quintana Roo",-86.8663978,21.1398997,0.520494469746259
"290",290,23,23005,"El Salvador",3080,2,"p34m"," Benito Juárez","p34e","Quintana Roo",-86.8663978,21.1398997,0.0649350649350649
"291",291,24,24001,"Guatemala",1537,1,"p34m"," Ahualulco","p34e","San Luis Potosí",-101.1665993,22.3997407,0.0650618087182824
"292",292,24,24002,"Guatemala",1537,1,"p34m"," Alaquines","p34e","San Luis Potosí",-99.6012542,22.1295281,0.0650618087182824
"293",293,24,24005,"Guatemala",1537,2,"p34m"," Cárdenas","p34e","San Luis Potosí",-99.6424872,21.9985181,0.130123617436565
"294",294,24,24005,"El Salvador",3080,15,"p34m"," Cárdenas","p34e","San Luis Potosí",-99.6424872,21.9985181,0.487012987012987
"295",295,24,24013,"El Salvador",3080,4,"p34m"," Ciudad Valles","p34e","San Luis Potosí",-99.0018424,22.0025712,0.12987012987013
"296",296,24,24016,"El Salvador",3080,1,"p34m"," Ebano","p34e","San Luis Potosí",-98.3758762,22.2165831,0.0324675324675325
"297",297,24,24019,"Honduras",1562,1,"p34m"," Lagunillas","p34e","San Luis Potosí",-99.5667575,21.5857343,0.0640204865556978
"298",298,24,24020,"Guatemala",1537,2,"p34m"," Matehuala","p34e","San Luis Potosí",-100.4799698,22.883177,0.130123617436565
"299",299,24,24020,"El Salvador",3080,13,"p34m"," Matehuala","p34e","San Luis Potosí",-100.4799698,22.883177,0.422077922077922
"300",300,24,24020,"Honduras",1562,5,"p34m"," Matehuala","p34e","San Luis Potosí",-100.4799698,22.883177,0.320102432778489
"301",301,24,24028,"El Salvador",3080,57,"p34m"," San Luis Potosí","p34e","San Luis Potosí",-100.9855409,22.1564699,1.85064935064935
"302",302,24,24028,"Guatemala",1537,15,"p34m"," San Luis Potosí","p34e","San Luis Potosí",-100.9855409,22.1564699,0.975927130774236
"303",303,24,24028,"Honduras",1562,26,"p34m"," San Luis Potosí","p34e","San Luis Potosí",-100.9855409,22.1564699,1.66453265044814
"304",304,25,25006,"Honduras",1562,1,"p34m"," Culiacán","p34e","Sinaloa",-107.3940117,24.8090649,0.0640204865556978
"305",305,25,25012,"Honduras",1562,4,"p34m"," Mazatlán","p34e","Sinaloa",-106.4111425,23.2494148,0.256081946222791
"306",306,25,25012,"Guatemala",1537,6,"p34m"," Mazatlán","p34e","Sinaloa",-106.4111425,23.2494148,0.390370852309694
"307",307,25,25012,"El Salvador",3080,1,"p34m"," Mazatlán","p34e","Sinaloa",-106.4111425,23.2494148,0.0324675324675325
"308",308,25,25014,"El Salvador",3080,1,"p34m"," Rosario","p34e","Sinaloa",-105.371111,22.75,0.0324675324675325
"309",309,25,25017,"Guatemala",1537,1,"p34m"," Sinaloa","p34e","Sinaloa",-108.2216704,25.8226854,0.0650618087182824
"310",310,25,25017,"El Salvador",3080,1,"p34m"," Sinaloa","p34e","Sinaloa",-108.2216704,25.8226854,0.0324675324675325
"311",311,25,25018,"Honduras",1562,1,"p34m"," Navolato","p34e","Sinaloa",-107.7014482,24.7637822,0.0640204865556978
"312",312,26,26002,"El Salvador",3080,1,"p34m"," Agua Prieta","p34e","Sonora",-109.5489617,31.3277755,0.0324675324675325
"313",313,26,26002,"Guatemala",1537,1,"p34m"," Agua Prieta","p34e","Sonora",-109.5489617,31.3277755,0.0650618087182824
"314",314,26,26002,"Honduras",1562,2,"p34m"," Agua Prieta","p34e","Sonora",-109.5489617,31.3277755,0.128040973111396
"315",315,26,26003,"Honduras",1562,1,"p34m"," Alamos","p34e","Sonora",-108.941309,27.0254869,0.0640204865556978
"316",316,26,26004,"Guatemala",1537,1,"p34m"," Altar","p34e","Sonora",-111.8354941,30.714148,0.0650618087182824
"317",317,26,26004,"El Salvador",3080,3,"p34m"," Altar","p34e","Sonora",-111.8354941,30.714148,0.0974025974025974
"318",318,26,26004,"Honduras",1562,1,"p34m"," Altar","p34e","Sonora",-111.8354941,30.714148,0.0640204865556978
"319",319,26,26017,"Honduras",1562,11,"p34m"," Caborca","p34e","Sonora",-112.1835004,30.6954438,0.704225352112676
"320",320,26,26029,"Guatemala",1537,1,"p34m"," Guaymas","p34e","Sonora",-110.9089378,27.9178651,0.0650618087182824
"321",321,26,26030,"Honduras",1562,5,"p34m"," Hermosillo","p34e","Sonora",-110.9559192,29.0729673,0.320102432778489
"322",322,26,26030,"Guatemala",1537,9,"p34m"," Hermosillo","p34e","Sonora",-110.9559192,29.0729673,0.585556278464541
"323",323,26,26030,"El Salvador",3080,5,"p34m"," Hermosillo","p34e","Sonora",-110.9559192,29.0729673,0.162337662337662
"324",324,26,26043,"Guatemala",1537,1,"p34m"," Nogales","p34e","Sonora",-110.9381047,31.3011855,0.0650618087182824
"325",325,26,26048,"Honduras",1562,1,"p34m"," Puerto Peñasco","p34e","Sonora",-113.5311843,31.3268218,0.0640204865556978
"326",326,26,26063,"Honduras",1562,1,"p34m"," Tepache","p34e","Sonora",-109.530976,29.532369,0.0640204865556978
"327",327,26,26072,"Guatemala",1537,1,"p34m"," San Ignacio Río Muerto","p34e","Sonora",-110.2445002,27.4122503,0.0650618087182824
"328",328,27,27001,"Guatemala",1537,1,"p34m"," Balancán","p34e","Tabasco",-91.5356849,17.8081844,0.0650618087182824
"329",329,27,27002,"El Salvador",3080,47,"p34m"," Cárdenas","p34e","Tabasco",-93.3732339,18.0012067,1.52597402597403
"330",330,27,27002,"Honduras",1562,54,"p34m"," Cárdenas","p34e","Tabasco",-93.3732339,18.0012067,3.45710627400768
"331",331,27,27002,"Guatemala",1537,44,"p34m"," Cárdenas","p34e","Tabasco",-93.3732339,18.0012067,2.86271958360442
"332",332,27,27003,"El Salvador",3080,4,"p34m"," Centla","p34e","Tabasco",-92.6460407,18.533717,0.12987012987013
"333",333,27,27003,"Guatemala",1537,1,"p34m"," Centla","p34e","Tabasco",-92.6460407,18.533717,0.0650618087182824
"334",334,27,27003,"Honduras",1562,1,"p34m"," Centla","p34e","Tabasco",-92.6460407,18.533717,0.0640204865556978
"335",335,27,27004,"Guatemala",1537,70,"p34m"," Centro","p34e","Tabasco",-92.9344412,17.9915076,4.55432661027977
"336",336,27,27004,"Honduras",1562,141,"p34m"," Centro","p34e","Tabasco",-92.9344412,17.9915076,9.02688860435339
"337",337,27,27004,"El Salvador",3080,88,"p34m"," Centro","p34e","Tabasco",-92.9344412,17.9915076,2.85714285714286
"338",338,27,27005,"Guatemala",1537,1,"p34m"," Comalcalco","p34e","Tabasco",-93.2216864,18.261156,0.0650618087182824
"339",339,27,27007,"El Salvador",3080,2,"p34m"," Emiliano Zapata","p34e","Tabasco",-91.776667,17.795556,0.0649350649350649
"340",340,27,27007,"Guatemala",1537,2,"p34m"," Emiliano Zapata","p34e","Tabasco",-91.776667,17.795556,0.130123617436565
"341",341,27,27007,"Honduras",1562,3,"p34m"," Emiliano Zapata","p34e","Tabasco",-91.776667,17.795556,0.192061459667093
"342",342,27,27011,"Guatemala",1537,2,"p34m"," Jonuta","p34e","Tabasco",-92.1368233,18.0878003,0.130123617436565
"343",343,27,27014,"Honduras",1562,1,"p34m"," Paraíso","p34e","Tabasco",-93.2127162,18.4006144,0.0640204865556978
"344",344,27,27016,"Honduras",1562,1,"p34m"," Teapa","p34e","Tabasco",-92.9519802,17.5609321,0.0640204865556978
"345",345,27,27017,"El Salvador",3080,58,"p34m"," Tenosique","p34e","Tabasco",-91.425051,17.472665,1.88311688311688
"346",346,27,27017,"Honduras",1562,101,"p34m"," Tenosique","p34e","Tabasco",-91.425051,17.472665,6.46606914212548
"347",347,27,27017,"Guatemala",1537,36,"p34m"," Tenosique","p34e","Tabasco",-91.425051,17.472665,2.34222511385817
"348",348,28,28002,"Guatemala",1537,1,"p34m"," Aldama","p34e","Tamaulipas",-98.0732318,22.9205101,0.0650618087182824
"349",349,28,28004,"Guatemala",1537,1,"p34m"," Antiguo Morelos","p34e","Tamaulipas",-99.0847571,22.551619,0.0650618087182824
"350",350,28,28005,"El Salvador",3080,1,"p34m"," Burgos","p34e","Tamaulipas",-98.7997777,24.949111,0.0324675324675325
"351",351,28,28008,"El Salvador",3080,2,"p34m"," Casas","p34e","Tamaulipas",-98.7370292,23.7266129,0.0649350649350649
"352",352,28,28009,"Guatemala",1537,2,"p34m"," Ciudad Madero","p34e","Tamaulipas",-97.8331049,22.2768755,0.130123617436565
"353",353,28,28009,"Honduras",1562,1,"p34m"," Ciudad Madero","p34e","Tamaulipas",-97.8331049,22.2768755,0.0640204865556978
"354",354,28,28009,"El Salvador",3080,3,"p34m"," Ciudad Madero","p34e","Tamaulipas",-97.8331049,22.2768755,0.0974025974025974
"355",355,28,28012,"El Salvador",3080,1,"p34m"," González","p34e","Tamaulipas",-98.4238131,22.8338999,0.0324675324675325
"356",356,28,28014,"Guatemala",1537,1,"p34m"," Guerrero","p34e","Tamaulipas",-99.5006143,26.899997,0.0650618087182824
"357",357,28,28021,"El Salvador",3080,2,"p34m"," El Mante","p34e","Tamaulipas",-98.9759252,22.744446,0.0649350649350649
"358",358,28,28022,"El Salvador",3080,8,"p34m"," Matamoros","p34e","Tamaulipas",-97.5027376,25.8690294,0.25974025974026
"359",359,28,28022,"Guatemala",1537,2,"p34m"," Matamoros","p34e","Tamaulipas",-97.5027376,25.8690294,0.130123617436565
"360",360,28,28022,"Honduras",1562,4,"p34m"," Matamoros","p34e","Tamaulipas",-97.5027376,25.8690294,0.256081946222791
"361",361,28,28025,"El Salvador",3080,3,"p34m"," Miguel Alemán","p34e","Tamaulipas",-99.624444,27.619444,0.0974025974025974
"362",362,28,28025,"Honduras",1562,1,"p34m"," Miguel Alemán","p34e","Tamaulipas",-99.624444,27.619444,0.0640204865556978
"363",363,28,28027,"Guatemala",1537,7,"p34m"," Nuevo Laredo","p34e","Tamaulipas",-99.549573,27.4779362,0.455432661027977
"364",364,28,28027,"Honduras",1562,21,"p34m"," Nuevo Laredo","p34e","Tamaulipas",-99.549573,27.4779362,1.34443021766965
"365",365,28,28027,"El Salvador",3080,13,"p34m"," Nuevo Laredo","p34e","Tamaulipas",-99.549573,27.4779362,0.422077922077922
"366",366,28,28028,"Honduras",1562,1,"p34m"," Nuevo Morelos","p34e","Tamaulipas",-99.2188002,22.5352061,0.0640204865556978
"367",367,28,28031,"El Salvador",3080,1,"p34m"," Palmillas","p34e","Tamaulipas",-99.5494862,23.3035204,0.0324675324675325
"368",368,28,28032,"El Salvador",3080,196,"p34m"," Reynosa","p34e","Tamaulipas",-98.2978951,26.0508406,6.36363636363636
"369",369,28,28032,"Honduras",1562,65,"p34m"," Reynosa","p34e","Tamaulipas",-98.2978951,26.0508406,4.16133162612036
"370",370,28,28032,"Guatemala",1537,28,"p34m"," Reynosa","p34e","Tamaulipas",-98.2978951,26.0508406,1.82173064411191
"371",371,28,28035,"Honduras",1562,1,"p34m"," San Fernando","p34e","Tamaulipas",-98.1502433,24.8419162,0.0640204865556978
"372",372,28,28038,"Guatemala",1537,8,"p34m"," Tampico","p34e","Tamaulipas",-97.861099,22.2331041,0.520494469746259
"373",373,28,28038,"Honduras",1562,20,"p34m"," Tampico","p34e","Tamaulipas",-97.861099,22.2331041,1.28040973111396
"374",374,28,28038,"El Salvador",3080,17,"p34m"," Tampico","p34e","Tamaulipas",-97.861099,22.2331041,0.551948051948052
"375",375,28,28040,"El Salvador",3080,5,"p34m"," Valle Hermoso","p34e","Tamaulipas",-97.8159111,25.6683739,0.162337662337662
"376",376,28,28040,"Honduras",1562,1,"p34m"," Valle Hermoso","p34e","Tamaulipas",-97.8159111,25.6683739,0.0640204865556978
"377",377,28,28041,"El Salvador",3080,2,"p34m"," Victoria","p34e","Tamaulipas",-99.1411154,23.7369164,0.0649350649350649
"378",378,29,29005,"El Salvador",3080,3,"p34m"," Apizaco","p34e","Tlaxcala",-98.1393179,19.415881,0.0974025974025974
"379",379,29,29005,"Honduras",1562,3,"p34m"," Apizaco","p34e","Tlaxcala",-98.1393179,19.415881,0.192061459667093
"380",380,30,30001,"Honduras",1562,7,"p34m"," Acajete","p34e","Veracruz de Ignacio de la Llave",-97.0101981,19.5865279,0.448143405889885
"381",381,30,30001,"Guatemala",1537,2,"p34m"," Acajete","p34e","Veracruz de Ignacio de la Llave",-97.0101981,19.5865279,0.130123617436565
"382",382,30,30002,"Guatemala",1537,1,"p34m"," Acatlán","p34e","Veracruz de Ignacio de la Llave",-96.8426313,19.6960795,0.0650618087182824
"383",383,30,30002,"Honduras",1562,1,"p34m"," Acatlán","p34e","Veracruz de Ignacio de la Llave",-96.8426313,19.6960795,0.0640204865556978
"384",384,30,30003,"El Salvador",3080,275,"p34m"," Acayucan","p34e","Veracruz de Ignacio de la Llave",-94.9145974,17.949192,8.92857142857143
"385",385,30,30003,"Honduras",1562,96,"p34m"," Acayucan","p34e","Veracruz de Ignacio de la Llave",-94.9145974,17.949192,6.14596670934699
"386",386,30,30003,"Guatemala",1537,72,"p34m"," Acayucan","p34e","Veracruz de Ignacio de la Llave",-94.9145974,17.949192,4.68445022771633
"387",387,30,30005,"El Salvador",3080,1,"p34m"," Acula","p34e","Veracruz de Ignacio de la Llave",-95.7748306,18.5052258,0.0324675324675325
"388",388,30,30005,"Guatemala",1537,5,"p34m"," Acula","p34e","Veracruz de Ignacio de la Llave",-95.7748306,18.5052258,0.325309043591412
"389",389,30,30011,"El Salvador",3080,2,"p34m"," Alvarado","p34e","Veracruz de Ignacio de la Llave",-95.758949,18.7696195,0.0649350649350649
"390",390,30,30020,"Honduras",1562,1,"p34m"," Atlahuilco","p34e","Veracruz de Ignacio de la Llave",-97.0906754,18.6971919,0.0640204865556978
"391",391,30,30029,"Honduras",1562,1,"p34m"," Calcahualco","p34e","Veracruz de Ignacio de la Llave",-97.0844854,19.1211157,0.0640204865556978
"392",392,30,30031,"Honduras",1562,1,"p34m"," Carrillo Puerto","p34e","Veracruz de Ignacio de la Llave",-96.5706958,18.7995885,0.0640204865556978
"393",393,30,30034,"Honduras",1562,1,"p34m"," Cerro Azul","p34e","Veracruz de Ignacio de la Llave",-97.7471025,21.1843885,0.0640204865556978
"394",394,30,30039,"Honduras",1562,121,"p34m"," Coatzacoalcos","p34e","Veracruz de Ignacio de la Llave",-94.4589858,18.1344779,7.74647887323944
"395",395,30,30039,"Guatemala",1537,11,"p34m"," Coatzacoalcos","p34e","Veracruz de Ignacio de la Llave",-94.4589858,18.1344779,0.715679895901106
"396",396,30,30039,"El Salvador",3080,26,"p34m"," Coatzacoalcos","p34e","Veracruz de Ignacio de la Llave",-94.4589858,18.1344779,0.844155844155844
"397",397,30,30044,"Guatemala",1537,2,"p34m"," Córdoba","p34e","Veracruz de Ignacio de la Llave",-96.9237751,18.8838909,0.130123617436565
"398",398,30,30044,"El Salvador",3080,4,"p34m"," Córdoba","p34e","Veracruz de Ignacio de la Llave",-96.9237751,18.8838909,0.12987012987013
"399",399,30,30049,"El Salvador",3080,1,"p34m"," Cotaxtla","p34e","Veracruz de Ignacio de la Llave",-96.3965036,18.8351135,0.0324675324675325
"400",400,30,30063,"Honduras",1562,3,"p34m"," Chontla","p34e","Veracruz de Ignacio de la Llave",-97.9235246,21.2953469,0.192061459667093
"401",401,30,30068,"Honduras",1562,6,"p34m"," Fortín","p34e","Veracruz de Ignacio de la Llave",-96.998963,18.9017033,0.384122919334187
"402",402,30,30073,"Honduras",1562,1,"p34m"," Hueyapan de Ocampo","p34e","Veracruz de Ignacio de la Llave",-95.1453617,18.1504792,0.0640204865556978
"403",403,30,30087,"Guatemala",1537,1,"p34m"," Xalapa","p34e","Veracruz de Ignacio de la Llave",-96.9101806,19.5437751,0.0650618087182824
"404",404,30,30115,"Guatemala",1537,1,"p34m"," Nogales","p34e","Veracruz de Ignacio de la Llave",-97.1655579,18.8215255,0.0650618087182824
"405",405,30,30118,"Honduras",1562,12,"p34m"," Orizaba","p34e","Veracruz de Ignacio de la Llave",-97.1036396,18.8504744,0.768245838668374
"406",406,30,30118,"El Salvador",3080,2,"p34m"," Orizaba","p34e","Veracruz de Ignacio de la Llave",-97.1036396,18.8504744,0.0649350649350649
"407",407,30,30130,"Honduras",1562,1,"p34m"," Playa Vicente","p34e","Veracruz de Ignacio de la Llave",-95.8132139,17.8304479,0.0640204865556978
"408",408,30,30131,"Honduras",1562,1,"p34m"," Poza Rica de Hidalgo","p34e","Veracruz de Ignacio de la Llave",-97.4629119,20.5270592,0.0640204865556978
"409",409,30,30131,"El Salvador",3080,8,"p34m"," Poza Rica de Hidalgo","p34e","Veracruz de Ignacio de la Llave",-97.4629119,20.5270592,0.25974025974026
"410",410,30,30141,"Honduras",1562,1,"p34m"," San Andrés Tuxtla","p34e","Veracruz de Ignacio de la Llave",-95.2130284,18.4441222,0.0640204865556978
"411",411,30,30141,"Guatemala",1537,1,"p34m"," San Andrés Tuxtla","p34e","Veracruz de Ignacio de la Llave",-95.2130284,18.4441222,0.0650618087182824
"412",412,30,30152,"El Salvador",3080,2,"p34m"," Tampico Alto","p34e","Veracruz de Ignacio de la Llave",-97.8011454,22.1114627,0.0649350649350649
"413",413,30,30152,"Guatemala",1537,1,"p34m"," Tampico Alto","p34e","Veracruz de Ignacio de la Llave",-97.8011454,22.1114627,0.0650618087182824
"414",414,30,30155,"Guatemala",1537,1,"p34m"," Tantoyuca","p34e","Veracruz de Ignacio de la Llave",-98.2267665,21.3510619,0.0650618087182824
"415",415,30,30160,"Honduras",1562,1,"p34m"," Temapache","p34e","Veracruz de Ignacio de la Llave",-97.6750256,20.9103291,0.0640204865556978
"416",416,30,30172,"Guatemala",1537,1,"p34m"," Texistepec","p34e","Veracruz de Ignacio de la Llave",-94.8111462,17.8968657,0.0650618087182824
"417",417,30,30174,"El Salvador",3080,8,"p34m"," Tierra Blanca","p34e","Veracruz de Ignacio de la Llave",-96.3598367,18.4458276,0.25974025974026
"418",418,30,30174,"Honduras",1562,29,"p34m"," Tierra Blanca","p34e","Veracruz de Ignacio de la Llave",-96.3598367,18.4458276,1.85659411011524
"419",419,30,30174,"Guatemala",1537,2,"p34m"," Tierra Blanca","p34e","Veracruz de Ignacio de la Llave",-96.3598367,18.4458276,0.130123617436565
"420",420,30,30193,"Guatemala",1537,86,"p34m"," Veracruz","p34e","Veracruz de Ignacio de la Llave",-96.1342241,19.173773,5.59531554977228
"421",421,30,30193,"Honduras",1562,77,"p34m"," Veracruz","p34e","Veracruz de Ignacio de la Llave",-96.1342241,19.173773,4.92957746478873
"422",422,30,30193,"El Salvador",3080,60,"p34m"," Veracruz","p34e","Veracruz de Ignacio de la Llave",-96.1342241,19.173773,1.94805194805195
"423",423,30,30204,"El Salvador",3080,12,"p34m"," Agua Dulce","p34e","Veracruz de Ignacio de la Llave",-94.1435302,18.1426611,0.38961038961039
"424",424,30,30205,"Guatemala",1537,1,"p34m"," El Higo","p34e","Veracruz de Ignacio de la Llave",-98.45407,21.7745042,0.0650618087182824
"425",425,30,30207,"Honduras",1562,1,"p34m"," Tres Valles","p34e","Veracruz de Ignacio de la Llave",-96.1368511,18.2376942,0.0640204865556978
"426",426,31,31038,"El Salvador",3080,1,"p34m"," Hunucmá","p34e","Yucatán",-89.8772437,21.0162655,0.0324675324675325
"427",427,31,31050,"Guatemala",1537,1,"p34m"," Mérida","p34e","Yucatán",-89.5925857,20.9673702,0.0650618087182824
"428",428,32,32001,"El Salvador",3080,1,"p34m"," Apozol","p34e","Zacatecas",-103.0910527,21.4664496,0.0324675324675325
"429",429,32,32004,"El Salvador",3080,1,"p34m"," Benito Juárez","p34e","Zacatecas",-103.3880555,23.8649999,0.0324675324675325
"430",430,32,32017,"El Salvador",3080,1,"p34m"," Guadalupe","p34e","Zacatecas",-102.511889,22.7565759,0.0324675324675325
"431",431,32,32029,"Honduras",1562,1,"p34m"," Miguel Auza","p34e","Zacatecas",-103.4502735,24.2937828,0.0640204865556978
"432",432,32,32032,"Guatemala",1537,1,"p34m"," Morelos","p34e","Zacatecas",-102.6099561,22.8616239,0.0650618087182824
"433",433,32,32039,"El Salvador",3080,2,"p34m"," Río Grande","p34e","Zacatecas",-103.0328135,23.8272471,0.0649350649350649
"434",434,32,32056,"El Salvador",3080,22,"p34m"," Zacatecas","p34e","Zacatecas",-102.5865558,22.7641984,0.714285714285714
"435",435,32,32056,"Guatemala",1537,12,"p34m"," Zacatecas","p34e","Zacatecas",-102.5865558,22.7641984,0.780741704619388
"436",436,32,32056,"Honduras",1562,3,"p34m"," Zacatecas","p34e","Zacatecas",-102.5865558,22.7641984,0.192061459667093
